{"cameraMode":{"drawMode":0,"name":"Shaded","section":"Shading Mode"},"sceneLighting":true,"audioPlay":false,"sceneViewState":{"m_AlwaysRefresh":false,"showFog":true,"showSkybox":true,"showFlares":true,"showImageEffects":true,"showParticleSystems":true,"showVisualEffectGraphs":true,"m_FxEnabled":true},"in2DMode":false,"pivot":{"x":1.7607860565185547,"y":3.343592643737793,"z":-3.4382667541503908},"rotation":{"x":-0.055192068219184878,"y":0.9322906732559204,"z":-0.16129128634929658,"w":-0.31901928782463076},"size":15.529693603515625,"orthographic":false}